id,target
c0f722661,-0.4218020993821142
f0953f0a5,-0.7627837702948717
0df072751,-0.8259025008571429
04caf4e0c,-1.46669580655409
0e63f8bea,-1.46669580655409
12537fe78,-1.014571116175
965e592c0,-0.7043940759579825
